{
  "persons": [
    {
      "name": "Arto Hellas",
      "number": "040-123456",
      "id": 1
    },
    {
      "name": "Ada Lovelace",
      "number": "39-44-5323523",
      "id": 2
    },
    {
      "name": "Dan Abramov",
      "number": "12-43-234345",
      "id": 3
    },
    {
      "name": "Mary Poppendieck",
      "number": "39-23-6423122",
      "id": 4
    },
    {
      "name": "axel2",
      "number": "1234",
      "id": 6
    },
    {
      "name": "axel4",
      "number": "1",
      "id": 8
    },
    {
      "name": "axel",
      "number": "1",
      "id": 9
    },
    {
      "name": "axel5",
      "number": "34",
      "id": 10
    }
  ]
}